{
  "hash": "592dd1b9",
  "configHash": "e5112e18",
  "lockfileHash": "6a68450e",
  "browserHash": "10e1db83",
  "optimized": {
    "@angular/common": {
      "src": "../../../../../../node_modules/@angular/common/fesm2022/common.mjs",
      "file": "@angular_common.js",
      "fileHash": "8bd545aa",
      "needsInterop": false
    },
    "@angular/common/http": {
      "src": "../../../../../../node_modules/@angular/common/fesm2022/http.mjs",
      "file": "@angular_common_http.js",
      "fileHash": "09cbc076",
      "needsInterop": false
    },
    "@angular/core": {
      "src": "../../../../../../node_modules/@angular/core/fesm2022/core.mjs",
      "file": "@angular_core.js",
      "fileHash": "ab8a37dc",
      "needsInterop": false
    },
    "@angular/platform-browser": {
      "src": "../../../../../../node_modules/@angular/platform-browser/fesm2022/platform-browser.mjs",
      "file": "@angular_platform-browser.js",
      "fileHash": "c7001143",
      "needsInterop": false
    },
    "@angular/router": {
      "src": "../../../../../../node_modules/@angular/router/fesm2022/router.mjs",
      "file": "@angular_router.js",
      "fileHash": "8d2dae01",
      "needsInterop": false
    }
  },
  "chunks": {
    "chunk-KBCZE7AN": {
      "file": "chunk-KBCZE7AN.js"
    },
    "chunk-DRMDCPMO": {
      "file": "chunk-DRMDCPMO.js"
    },
    "chunk-VPU3G25S": {
      "file": "chunk-VPU3G25S.js"
    },
    "chunk-3UZ4CEP7": {
      "file": "chunk-3UZ4CEP7.js"
    },
    "chunk-FWG627IE": {
      "file": "chunk-FWG627IE.js"
    }
  }
}